Hawaii-Aleutian Daylight Time: America/Atka
Suriname Time: America/Paramaribo
Turkmenistan Standard Time: Asia/Ashkhabad
Nepal Time: Asia/Katmandu
GMT+12:00: Etc/GMT-12
Atlantic Standard Time: America/St_Barthelemy
Krasnoyarsk Standard Time: Asia/Krasnoyarsk
Central European Summer Time: Europe/Brussels
Volgograd Standard Time: Europe/Volgograd
Mountain Daylight Time: America/Denver
Brasilia Standard Time: America/Fortaleza
Central European Summer Time: Europe/Podgorica
South Georgia Time: Atlantic/South_Georgia
West Africa Standard Time: Africa/Ndjamena
Eastern Daylight Time: America/Nassau
Bangladesh Standard Time: Asia/Dhaka
Paraguay Standard Time: America/Asuncion
Atlantic Standard Time: America/Blanc-Sablon
Central Daylight Time: America/Indiana/Knox
Bangladesh Standard Time: Asia/Dacca
Australian Eastern Standard Time: Antarctica/Macquarie
Moscow Standard Time: Europe/Moscow
Coordinated Universal Time: UTC
Korean Standard Time: Asia/Seoul
Eastern European Summer Time: Europe/Riga
Central Africa Time: Africa/Blantyre
Argentina Standard Time: America/Argentina/Salta
Argentina Standard Time: America/Argentina/Buenos_Aires
Central European Standard Time: Africa/Algiers
Australian Eastern Standard Time: Australia/Tasmania
Central Daylight Time: US/Indiana-Starke
Samoa Standard Time: Pacific/Midway
Mountain Daylight Time: America/Ciudad_Juarez
GMT-10:00: HST
GMT+11:00: Asia/Srednekolymsk
Australian Eastern Standard Time: Australia/Hobart
Atlantic Daylight Time: Atlantic/Bermuda
Coordinated Universal Time: Etc/UCT
French Southern & Antarctic Time: Indian/Kerguelen
Western European Summer Time: Atlantic/Faroe
Amazon Standard Time: America/Campo_Grande
Lord Howe Standard Time: Australia/LHI
Mauritius Standard Time: Indian/Mauritius
GMT+02:00: CET
Eastern European Standard Time: Libya
GMT-07:00: Etc/GMT+7
GMT+08:00: Etc/GMT-8
Greenwich Mean Time: Atlantic/St_Helena
Ponape Time: Pacific/Pohnpei
GMT-01:00: Etc/GMT+1
Eastern European Summer Time: Europe/Kyiv
GMT+05:00: Etc/GMT-5
Réunion Time: Indian/Reunion
GMT-03:00: Antarctica/Palmer
Central Standard Time: America/Bahia_Banderas
Argentina Standard Time: America/Jujuy
Yakutsk Standard Time: Asia/Chita
Mountain Daylight Time: US/Mountain
Krasnoyarsk Standard Time: Asia/Novokuznetsk
GMT+06:00: Etc/GMT-6
Australian Eastern Standard Time: Australia/Currie
Nepal Time: Asia/Kathmandu
Newfoundland Daylight Time: America/St_Johns
West Kazakhstan Time: Asia/Aqtobe
Greenwich Mean Time: GMT+0
GMT+04:00: Europe/Astrakhan
GMT+01:00: Europe/Guernsey
Atlantic Standard Time: America/Martinique
Eastern Daylight Time: US/East-Indiana
Central European Summer Time: Arctic/Longyearbyen
Central Standard Time: America/Mexico_City
Argentina Standard Time: America/Argentina/ComodRivadavia
Pacific Daylight Time: Canada/Pacific
Casey Time: Antarctica/Casey
Central Africa Time: Africa/Bujumbura
Acre Standard Time: America/Eirunepe
Japan Standard Time: Asia/Tokyo
Central European Summer Time: Europe/Bratislava
Australian Eastern Standard Time: Australia/Melbourne
Eastern Standard Time: America/Panama
Eastern European Summer Time: Asia/Beirut
East Africa Time: Indian/Antananarivo
Uzbekistan Standard Time: Asia/Samarkand
Peru Standard Time: America/Lima
Atlantic Standard Time: America/St_Thomas
Western Indonesia Time: Asia/Pontianak
Mexican Pacific Standard Time: Mexico/BajaSur
Greenwich Mean Time: Etc/GMT
West Africa Standard Time: Africa/Luanda
Atlantic Standard Time: America/St_Lucia
Atlantic Standard Time: America/Barbados
South Africa Standard Time: Africa/Maseru
Mexican Pacific Standard Time: America/Mazatlan
Marquesas Time: Pacific/Marquesas
Eastern Daylight Time: America/Thunder_Bay
Amazon Standard Time: America/Cuiaba
Marshall Islands Time: Pacific/Majuro
East Africa Time: Africa/Addis_Ababa
New Zealand Standard Time: Antarctica/McMurdo
Central European Summer Time: Europe/Warsaw
Central Daylight Time: America/Knox_IN
Marshall Islands Time: Pacific/Kwajalein
Amazon Standard Time: Brazil/West
GMT+03:00: Etc/GMT-3
Atlantic Standard Time: America/St_Vincent
Atlantic Standard Time: America/Marigot
Taipei Standard Time: Asia/Taipei
Eastern Daylight Time: US/Eastern
Marshall Islands Time: Kwajalein
Argentina Standard Time: America/Argentina/Jujuy
GMT-05:00: Etc/GMT+5
Central European Summer Time: Europe/Zagreb
Eastern Daylight Time: America/Port-au-Prince
Australian Central Standard Time: Australia/North
Greenwich Mean Time: GMT
Central European Standard Time: Africa/Tunis
Afghanistan Time: Asia/Kabul
Alaska Daylight Time: America/Juneau
GMT+07:00: Asia/Tomsk
South Africa Standard Time: Africa/Mbabane
West Africa Standard Time: Africa/Porto-Novo
Gulf Standard Time: Asia/Muscat
Argentina Standard Time: America/Argentina/San_Luis
Australian Central Western Standard Time: Australia/Eucla
Atlantic Standard Time: America/Anguilla
Central European Summer Time: Europe/Gibraltar
Central European Summer Time: Europe/Prague
Eastern European Summer Time: Europe/Zaporozhye
Korean Standard Time: Asia/Pyongyang
Central European Summer Time: Europe/Zurich
West Kazakhstan Time: Asia/Atyrau
Eastern Daylight Time: America/Indiana/Vincennes
Argentina Standard Time: America/Argentina/Catamarca
Central European Summer Time: Europe/Stockholm
Coordinated Universal Time: Etc/UTC
West Africa Standard Time: Africa/Lagos
Argentina Standard Time: America/Argentina/La_Rioja
Gulf Standard Time: Asia/Dubai
Ulaanbaatar Standard Time: Asia/Ulaanbaatar
Fernando de Noronha Standard Time: Brazil/DeNoronha
Greenwich Mean Time: Africa/Bissau
Georgia Standard Time: Asia/Tbilisi
Atlantic Standard Time: America/St_Kitts
West Africa Standard Time: Africa/Douala
Atlantic Daylight Time: America/Goose_Bay
Eastern Daylight Time: America/Indianapolis
Central European Summer Time: Europe/Rome
Hawaii-Aleutian Standard Time: Pacific/Johnston
Eastern European Summer Time: Asia/Hebron
Australian Eastern Standard Time: Australia/Victoria
Central Daylight Time: CST6CDT
Eastern Daylight Time: US/Michigan
Vladivostok Standard Time: Asia/Vladivostok
South Africa Standard Time: Africa/Johannesburg
GMT+03:00: Asia/Famagusta
Israel Daylight Time: Israel
Chuuk Time: Pacific/Yap
GMT-09:00: Etc/GMT+9
Central Africa Time: Africa/Khartoum
Samara Standard Time: Europe/Samara
Wallis & Futuna Time: Pacific/Wallis
Vostok Time: Antarctica/Vostok
Galapagos Time: Pacific/Galapagos
Bolivia Time: America/La_Paz
Atlantic Standard Time: America/Port_of_Spain
Eastern Standard Time: America/Coral_Harbour
Central Daylight Time: America/North_Dakota/Center
Mountain Standard Time: America/Creston
Atlantic Standard Time: America/Grenada
GMT+01:00: Europe/Jersey
Chamorro Standard Time: Pacific/Saipan
Eastern Standard Time: Jamaica
Atlantic Standard Time: America/Lower_Princes
Coordinated Universal Time: Etc/Zulu
Ponape Time: Pacific/Ponape
Samoa Standard Time: Pacific/Pago_Pago
Eastern European Summer Time: Africa/Cairo
Central European Summer Time: Europe/Budapest
GMT-10:00: Etc/GMT+10
Central European Summer Time: Europe/Tirane
Central European Summer Time: Europe/Belgrade
Central Standard Time: America/El_Salvador
Central Daylight Time: America/Menominee
British Summer Time: GB-Eire
Hawaii-Aleutian Standard Time: US/Hawaii
Azerbaijan Standard Time: Asia/Baku
West Africa Standard Time: Africa/Brazzaville
Christmas Island Time: Indian/Christmas
GMT+02:00: Antarctica/Troll
West Greenland Summer Time: America/Nuuk
Western European Summer Time: Atlantic/Madeira
Turkmenistan Standard Time: Asia/Ashgabat
Greenwich Mean Time: Etc/GMT-0
Greenwich Mean Time: Africa/Timbuktu
GMT+07:00: Etc/GMT-7
GMT+06:00: Asia/Urumqi
Australian Eastern Standard Time: Australia/Brisbane
Hong Kong Standard Time: Hongkong
Mountain Standard Time: America/Phoenix
Greenwich Mean Time: Africa/Bamako
Taipei Standard Time: ROC
Central Standard Time: America/Costa_Rica
Tajikistan Time: Asia/Dushanbe
Hawaii-Aleutian Daylight Time: America/Adak
Niue Time: Pacific/Niue
GMT+03:00: Europe/Istanbul
China Standard Time: Asia/Macau
Brasilia Standard Time: America/Belem
Central Daylight Time: America/North_Dakota/New_Salem
Central Standard Time: America/Monterrey
Atlantic Standard Time: America/Montserrat
Japan Standard Time: Japan
Eastern European Standard Time: Europe/Kaliningrad
Argentina Standard Time: America/Argentina/Rio_Gallegos
Central Standard Time: America/Regina
Greenwich Mean Time: Africa/Freetown
Armenia Standard Time: Asia/Yerevan
British Summer Time: Europe/Belfast
Eastern European Standard Time: Africa/Tripoli
Ulaanbaatar Standard Time: Asia/Ulan_Bator
Syowa Time: Antarctica/Syowa
Argentina Standard Time: America/Catamarca
Australian Eastern Standard Time: Australia/Lindeman
Central Daylight Time: US/Central
Argentina Standard Time: America/Argentina/San_Juan
Yukon Time: America/Whitehorse
Greenwich Mean Time: Africa/Banjul
GMT+01:00: Africa/El_Aaiun
Mountain Daylight Time: America/Cambridge_Bay
Atlantic Standard Time: America/Antigua
Line Islands Time: Pacific/Kiritimati
Arabian Standard Time: Asia/Aden
Eastern Daylight Time: America/Louisville
Alaska Daylight Time: America/Sitka
Eastern European Summer Time: Europe/Uzhgorod
New Caledonia Standard Time: Pacific/Noumea
Eastern European Summer Time: Europe/Kiev
Australian Eastern Standard Time: Australia/NSW
Central Daylight Time: America/Resolute
Greenwich Mean Time: GMT0
Australian Western Standard Time: Australia/Perth
Moscow Standard Time: Europe/Simferopol
Australian Central Standard Time: Australia/Broken_Hill
Vanuatu Standard Time: Pacific/Efate
Western European Summer Time: Atlantic/Canary
Tahiti Time: Pacific/Tahiti
Central European Summer Time: Europe/Copenhagen
Alaska Daylight Time: America/Metlakatla
British Summer Time: Europe/London
GMT-12:00: Etc/GMT+12
Central Indonesia Time: Asia/Makassar
Mexican Pacific Standard Time: America/Hermosillo
Atlantic Daylight Time: America/Moncton
Indian Ocean Time: Indian/Chagos
Western European Summer Time: Portugal
Central European Summer Time: Europe/Monaco
Hawaii-Aleutian Standard Time: Pacific/Honolulu
GMT+02:00: Etc/GMT-2
Indochina Time: Asia/Ho_Chi_Minh
Cook Islands Standard Time: Pacific/Rarotonga
Eastern Daylight Time: America/Pangnirtung
Acre Standard Time: America/Porto_Acre
Greenwich Mean Time: Africa/Monrovia
Greenwich Mean Time: Etc/Greenwich
Norfolk Island Standard Time: Pacific/Norfolk
Chuuk Time: Pacific/Truk
GMT-07:00: MST
Central Daylight Time: America/Ojinaga
China Standard Time: Asia/Chungking
Western European Summer Time: Europe/Lisbon
Eastern European Summer Time: Europe/Vilnius
Alaska Daylight Time: America/Yakutat
Pacific Daylight Time: America/Ensenada
Nauru Time: Pacific/Nauru
Eastern European Summer Time: Europe/Chisinau
GMT+03:00: Europe/Kirov
Central European Summer Time: Europe/Oslo
Brasilia Standard Time: America/Bahia
India Standard Time: Asia/Kolkata
GMT+04:00: Europe/Ulyanovsk
Mountain Daylight Time: Canada/Mountain
Central European Summer Time: Europe/Luxembourg
Greenwich Mean Time: Africa/Conakry
Argentina Standard Time: America/Argentina/Tucuman
Kyrgyzstan Time: Asia/Bishkek
Anadyr Standard Time: Asia/Anadyr
Moscow Standard Time: Europe/Minsk
East Greenland Summer Time: America/Scoresbysund
Central European Summer Time: Europe/Paris
Central Standard Time: America/Chihuahua
Fiji Standard Time: Pacific/Fiji
Myanmar Time: Asia/Yangon
Chile Standard Time: America/Santiago
Indochina Time: Asia/Vientiane
Atlantic Standard Time: America/Kralendijk
Central Africa Time: Africa/Juba
Tonga Standard Time: Pacific/Tongatapu
Irkutsk Standard Time: Asia/Irkutsk
GMT+06:00: Asia/Kashgar
Chatham Standard Time: NZ-CHAT
China Standard Time: PRC
Arabian Standard Time: Asia/Kuwait
Bhutan Time: Asia/Thimbu
Central European Summer Time: Europe/Busingen
Atlantic Daylight Time: America/Glace_Bay
Central Standard Time: America/Belize
India Standard Time: Asia/Calcutta
Singapore Standard Time: Asia/Singapore
Arabian Standard Time: Asia/Baghdad
Singapore Standard Time: Singapore
Eastern European Summer Time: Asia/Nicosia
Greenwich Mean Time: Atlantic/Reykjavik
Argentina Standard Time: America/Buenos_Aires
Mountain Daylight Time: America/Boise
Israel Daylight Time: Asia/Jerusalem
Greenwich Mean Time: Africa/Ouagadougou
Easter Island Standard Time: Pacific/Easter
Hong Kong Standard Time: Asia/Hong_Kong
GMT-03:00: Etc/GMT+3
Uruguay Standard Time: America/Montevideo
Wake Island Time: Pacific/Wake
Ecuador Time: America/Guayaquil
Central Daylight Time: America/Winnipeg
Mountain Standard Time: US/Arizona
Atlantic Standard Time: America/Virgin
Central Standard Time: Canada/Saskatchewan
GMT+04:00: Etc/GMT-4
GMT+03:00: Turkey
Atlantic Standard Time: America/Guadeloupe
Central Africa Time: Africa/Windhoek
Brasilia Standard Time: Brazil/East
Mountain Daylight Time: Navajo
India Standard Time: Asia/Colombo
GMT-05:00: EST
Central Daylight Time: America/North_Dakota/Beulah
Tokelau Time: Pacific/Fakaofo
Myanmar Time: Asia/Rangoon
Eastern European Summer Time: Europe/Mariehamn
Atlantic Standard Time: America/Santo_Domingo
New Zealand Standard Time: NZ
Greenwich Mean Time: Etc/GMT+0
Brasilia Standard Time: America/Araguaina
Atlantic Standard Time: America/Aruba
Eastern European Summer Time: Europe/Helsinki
Tuvalu Time: Pacific/Funafuti
Eastern Standard Time: America/Jamaica
Eastern Daylight Time: America/Indiana/Vevay
Central Standard Time: America/Swift_Current
Argentina Standard Time: America/Argentina/Mendoza
Indochina Time: Asia/Saigon
Alaska Daylight Time: America/Nome
East Africa Time: Africa/Dar_es_Salaam
GMT+13:00: Etc/GMT-13
Eastern Daylight Time: America/Nipigon
Mountain Daylight Time: America/Yellowknife
West Africa Standard Time: Africa/Malabo
Gilbert Islands Time: Pacific/Tarawa
Brasilia Standard Time: America/Maceio
Coordinated Universal Time: Zulu
West Kazakhstan Time: Asia/Oral
Central European Summer Time: Europe/Vatican
Argentina Standard Time: America/Mendoza
Central Daylight Time: America/Rankin_Inlet
British Summer Time: GB
Central European Summer Time: Poland
Central European Summer Time: Europe/Amsterdam
Eastern European Summer Time: Asia/Gaza
Bhutan Time: Asia/Thimphu
Pacific Daylight Time: US/Pacific
Western European Summer Time: Atlantic/Faeroe
St. Pierre & Miquelon Daylight Time: America/Miquelon
Australian Central Standard Time: Australia/Darwin
Vladivostok Standard Time: Asia/Ust-Nera
West Greenland Summer Time: America/Godthab
Arabian Standard Time: Asia/Riyadh
Amazon Standard Time: America/Boa_Vista
Cuba Daylight Time: Cuba
Greenwich Mean Time: GMT-0
Mountain Standard Time: America/Fort_Nelson
Philippine Standard Time: Asia/Manila
Acre Standard Time: America/Rio_Branco
Central Daylight Time: America/Indiana/Tell_City
West Kazakhstan Time: Asia/Qyzylorda
Central European Summer Time: Europe/Sarajevo
GMT+03:00: EET
Moscow Standard Time: W-SU
East Kazakhstan Time: Asia/Almaty
East Africa Time: Indian/Comoro
Eastern Indonesia Time: Asia/Jayapura
Eastern Daylight Time: America/Grand_Turk
Apia Standard Time: Pacific/Apia
Guyana Time: America/Guyana
GMT+01:00: Etc/GMT-1
Seychelles Time: Indian/Mahe
French Guiana Time: America/Cayenne
GMT+14:00: Etc/GMT-14
Magadan Standard Time: Asia/Magadan
Australian Eastern Standard Time: Australia/Queensland
Pacific Daylight Time: America/Los_Angeles
Iran Standard Time: Iran
GMT+09:00: Etc/GMT-9
GMT+01:00: WET
Central European Summer Time: Atlantic/Jan_Mayen
West Kazakhstan Time: Asia/Aqtau
Central Daylight Time: Canada/Central
Cocos Islands Time: Indian/Cocos
Mountain Daylight Time: America/Shiprock
Central European Summer Time: Africa/Ceuta
East Kazakhstan Time: Asia/Qostanay
Arabian Standard Time: Asia/Bahrain
West Africa Standard Time: Africa/Niamey
GMT-03:00: America/Punta_Arenas
Arabian Standard Time: Asia/Qatar
New Zealand Standard Time: Pacific/Auckland
Easter Island Standard Time: Chile/EasterIsland
Pakistan Standard Time: Asia/Karachi
Israel Daylight Time: Asia/Tel_Aviv
Kosrae Time: Pacific/Kosrae
Greenwich Mean Time: Africa/Accra
China Standard Time: Asia/Chongqing
Australian Central Standard Time: Australia/Adelaide
Eastern Daylight Time: America/Detroit
Eastern European Summer Time: Europe/Sofia
Western Indonesia Time: Asia/Jakarta
Atlantic Standard Time: America/Tortola
Central Standard Time: America/Merida
Central Africa Time: Africa/Lubumbashi
Phoenix Islands Time: Pacific/Enderbury
Central Standard Time: Mexico/General
Brunei Darussalam Time: Asia/Brunei
Central Daylight Time: America/Matamoros
Yukon Time: America/Dawson
Samoa Standard Time: Pacific/Samoa
Cuba Daylight Time: America/Havana
Mawson Time: Antarctica/Mawson
Central Daylight Time: America/Chicago
China Standard Time: Asia/Macao
Pacific Daylight Time: America/Santa_Isabel
Alaska Daylight Time: America/Anchorage
Australian Eastern Standard Time: Australia/Canberra
Greenwich Mean Time: Africa/Sao_Tome
Azores Summer Time: Atlantic/Azores
GMT-08:00: Etc/GMT+8
Colombia Standard Time: America/Bogota
Greenwich Mean Time: Etc/GMT0
Eastern European Summer Time: Europe/Bucharest
Argentina Standard Time: America/Rosario
Australian Central Standard Time: Australia/South
East Africa Time: Africa/Djibouti
Iran Standard Time: Asia/Tehran
East Africa Time: Africa/Asmera
East Africa Time: Africa/Mogadishu
Amazon Standard Time: America/Porto_Velho
Mountain Daylight Time: America/Inuvik
Yukon Time: Canada/Yukon
Central European Summer Time: Europe/Madrid
GMT+03:00: Asia/Amman
Chile Standard Time: Chile/Continental
Eastern Daylight Time: America/Fort_Wayne
Palau Time: Pacific/Palau
Greenwich Mean Time: Africa/Lome
Novosibirsk Standard Time: Asia/Novosibirsk
Central Africa Time: Africa/Gaborone
West Africa Standard Time: Africa/Bangui
Coordinated Universal Time: Etc/Universal
Australian Western Standard Time: Australia/West
Central Africa Time: Africa/Maputo
Central Daylight Time: America/Rainy_River
Uzbekistan Standard Time: Asia/Tashkent
Eastern Daylight Time: Canada/Eastern
Coordinated Universal Time: Universal
GMT+00:00: Factory
East Africa Time: Africa/Nairobi
Samoa Standard Time: US/Samoa
Argentina Standard Time: America/Argentina/Ushuaia
Newfoundland Daylight Time: Canada/Newfoundland
Greenwich Mean Time: Iceland
Dumont-d’Urville Time: Antarctica/DumontDUrville
Central European Summer Time: Europe/Vienna
Mountain Daylight Time: America/Edmonton
Eastern Daylight Time: America/Iqaluit
Malaysia Time: Asia/Kuching
Greenwich Mean Time: America/Danmarkshavn
New Zealand Standard Time: Antarctica/South_Pole
Pitcairn Time: Pacific/Pitcairn
West Africa Standard Time: Africa/Kinshasa
Ulaanbaatar Standard Time: Asia/Choibalsan
Fernando de Noronha Standard Time: America/Noronha
Central European Summer Time: Europe/Andorra
Acre Standard Time: Brazil/Acre
GMT+02:00: MET
Eastern Standard Time: America/Cancun
Sakhalin Standard Time: Asia/Sakhalin
Central Standard Time: America/Guatemala
China Standard Time: Asia/Harbin
Argentina Standard Time: America/Argentina/Cordoba
Greenwich Mean Time: Greenwich
Coordinated Universal Time: UCT
Gambier Time: Pacific/Gambier
Mountain Standard Time: America/Dawson_Creek
Eastern Daylight Time: America/Indiana/Marengo
Australian Eastern Standard Time: Australia/Sydney
GMT+10:00: Etc/GMT-10
West Africa Standard Time: Africa/Libreville
Yekaterinburg Standard Time: Asia/Yekaterinburg
GMT+03:00: Asia/Damascus
Australian Eastern Standard Time: Australia/ACT
Central Standard Time: America/Managua
Korean Standard Time: ROK
Greenwich Mean Time: Africa/Abidjan
Greenwich Mean Time: Africa/Nouakchott
East Timor Time: Asia/Dili
Cape Verde Standard Time: Atlantic/Cape_Verde
GMT+04:00: Europe/Saratov
Chatham Standard Time: Pacific/Chatham
Atlantic Daylight Time: America/Thule
Central Africa Time: Africa/Kigali
Eastern Daylight Time: America/Indiana/Petersburg
Eastern Standard Time: America/Atikokan
Central Standard Time: America/Tegucigalpa
Greenwich Mean Time: Eire
Phoenix Islands Time: Pacific/Kanton
Atlantic Daylight Time: America/Halifax
Alaska Daylight Time: US/Alaska
Indochina Time: Asia/Bangkok
East Africa Time: Indian/Mayotte
Eastern Standard Time: America/Cayman
Atlantic Standard Time: America/Dominica
Eastern Daylight Time: America/Indiana/Indianapolis
GMT+11:00: Etc/GMT-11
Rothera Time: Antarctica/Rothera
Maldives Time: Indian/Maldives
East Africa Time: Africa/Asmara
GMT+01:00: Africa/Casablanca
Eastern Daylight Time: America/New_York
Eastern Daylight Time: America/Toronto
Eastern European Summer Time: Europe/Tiraspol
GMT+11:00: Pacific/Bougainville
Eastern Daylight Time: America/Kentucky/Monticello
GMT-02:00: Etc/GMT+2
Lord Howe Standard Time: Australia/Lord_Howe
Eastern European Summer Time: Europe/Athens
Australian Central Standard Time: Australia/Yancowinna
Falkland Islands Standard Time: Atlantic/Stanley
Pacific Daylight Time: America/Tijuana
Yakutsk Standard Time: Asia/Khandyga
Brasilia Standard Time: America/Santarem
Chuuk Time: Pacific/Chuuk
Indochina Time: Asia/Phnom_Penh
GMT+01:00: Europe/Isle_of_Man
Central European Summer Time: Europe/Skopje
Amazon Standard Time: America/Manaus
Mountain Daylight Time: MST7MDT
Solomon Islands Time: Pacific/Guadalcanal
Malaysia Time: Asia/Kuala_Lumpur
Central Africa Time: Africa/Harare
Pacific Daylight Time: Mexico/BajaNorte
GMT-04:00: Etc/GMT+4
Davis Time: Antarctica/Davis
Eastern European Summer Time: Egypt
Venezuela Time: America/Caracas
Brasilia Standard Time: America/Sao_Paulo
Brasilia Standard Time: America/Recife
Central European Summer Time: Europe/Berlin
Petropavlovsk-Kamchatski Standard Time: Asia/Kamchatka
Hawaii-Aleutian Daylight Time: US/Aleutian
Greenwich Mean Time: Africa/Dakar
Yakutsk Standard Time: Asia/Yakutsk
Central Africa Time: Africa/Lusaka
Greenwich Mean Time: Europe/Dublin
Central European Summer Time: Europe/Vaduz
Hovd Standard Time: Asia/Hovd
Central European Summer Time: Europe/Ljubljana
Central European Summer Time: Europe/San_Marino
Eastern Daylight Time: America/Kentucky/Louisville
China Standard Time: Asia/Shanghai
Eastern Daylight Time: America/Montreal
GMT+07:00: Asia/Barnaul
Chamorro Standard Time: Pacific/Guam
Pacific Daylight Time: PST8PDT
Papua New Guinea Time: Pacific/Port_Moresby
East Africa Time: Africa/Kampala
Eastern European Summer Time: Europe/Nicosia
Pacific Daylight Time: America/Vancouver
Central European Summer Time: Europe/Malta
Atlantic Standard Time: America/Puerto_Rico
Atlantic Daylight Time: Canada/Atlantic
GMT-06:00: Etc/GMT+6
Eastern Daylight Time: EST5EDT
Atlantic Standard Time: America/Curacao
GMT+03:00: Asia/Istanbul
Central Indonesia Time: Asia/Ujung_Pandang
Eastern Daylight Time: America/Indiana/Winamac
Omsk Standard Time: Asia/Omsk
Eastern European Summer Time: Europe/Tallinn
Argentina Standard Time: America/Cordoba
GMT-11:00: Etc/GMT+11
